customer,phone,DOB,date_joined,id
Sheri Horick,904-697-3698,07/22/1961,07/20/2000,f838
Doti Folds,220-464-7656,07/10/1960,05/25/2001,w212
Reinold Gai,619-471-6272,11/14/1960,12/06/2014,h434
Fawn Yannoni,498-413-4615,10/05/1972,10/03/2009,h827
Donovan Roxbee,865-172-2015,07/27/1965,12/12/2018,h067
Alyse Whimp,446-898-0429,09/10/1966,04/04/2007,j556
Rourke Picopp,403-162-5094,10/06/1965,10/26/2011,r060
Carver O'Brollachain,146-327-1192,03/26/1967,10/20/2015,h136
Alix Manchester,953-110-4705,04/30/1968,09/02/2014,q993
Aleen Nanuccioi,678-837-2475,07/24/1968,11/08/2002,a018
Arabella Dradey,973-616-1298,04/10/1971,05/05/2012,z372
Aubry Kuschke,361-377-7615,01/10/1964,02/21/2016,x152
Indira Ladewig,615-842-0524,10/20/1964,03/04/2018,c368
Alexia Burlay,473-706-3989,05/01/1975,04/28/2004,v417
Marabel Klaaasen,210-798-1894,11/15/1960,02/29/2016,b241
Ileana Bauduin,469-586-5089,11/29/1972,06/16/2019,n509
Julienne Hyett,775-982-0155,10/15/1975,12/24/2003,m710
Dolly Halsted,496-954-1714,08/26/1977,01/20/2002,k230
Osborn Whelan,855-982-9287,08/24/1963,07/28/2005,l099
Leontyne Heinemann,205-485-7596,05/09/1972,03/23/2007,h951
Tommy Kilmaster,315-281-4663,04/13/1975,08/07/2015,h834
Jamill Racine,743-572-2334,04/15/1978,10/04/2002,h191
Jess Belding,124-689-8707,09/14/1973,09/27/2008,g516
Datha Barsam,377-833-6075,07/14/1973,11/11/2010,f029
Ban Popplestone,523-771-8537,03/12/1977,02/06/2006,d433
Alyse Klagge,596-409-4076,01/27/1964,02/24/2003,d371
Carree Pengelly,739-231-9051,10/09/1967,01/15/2020,d549
Abe Capel,336-601-8344,10/02/1976,03/26/2016,d459
Marie-ann Sharnock,805-737-8762,08/16/1967,06/06/2006,q548
Cassie Butter,315-412-8559,03/27/1974,01/28/2005,q902
Norry Osbaldeston,425-922-2888,05/02/1963,11/05/2011,q723
Robbie Purkins,858-827-9035,02/02/1975,08/26/2006,q716
Kassie Drivers,100-624-6172,02/21/1975,10/14/2019,s822
Hedda Gullan,414-581-7949,07/17/1970,07/13/2017,d649
Patti O'Cannan,508-705-6642,09/23/1968,01/21/2004,f275
Kira Peare,515-812-4432,01/14/1967,06/04/2019,r311
Edik Burgess,386-125-4066,04/03/1972,03/14/2014,t819
Pauli Rosterne,194-685-1907,08/04/1962,01/26/2011,y307
Kristine Rawlins,512-791-9192,04/05/1966,02/07/2003,y649
Ginger Stains,332-285-6158,12/29/1979,10/10/2010,y831
Silvie Gencke,100-966-8052,08/29/1977,06/12/2009,y496
Trude McDuff,484-205-9872,05/30/1968,12/12/2018,e093
Renate Sexstone,223-419-9497,11/19/1979,02/16/2011,e015
Ashia Mattheeuw,987-929-3632,09/28/1977,05/18/2017,e119
Milka Sizey,745-365-8837,07/14/1965,04/14/2014,w706
Shaine Chenery,425-315-5369,05/11/1968,05/04/2002,w412
Karoly Dufaur,477-935-1779,10/03/1972,10/07/2015,w953
Deeanne Janas,182-626-9697,02/15/1971,06/15/2015,w326
Tallou Brownhall,366-500-4806,04/19/1968,04/09/2010,i136
Perceval Pellett,685-368-2574,12/04/1966,07/26/2011,o311
Karel Greedier,401-741-8090,07/23/1965,12/30/2000,p348
Robby Ellerby,184-206-2747,08/04/1971,08/14/2019,l328
Westbrooke Pischel,688-519-4241,05/15/1979,10/16/2018,m052
Hyman Geist,208-452-5455,07/08/1972,05/17/2000,j780
Abraham Baniard,653-705-5431,04/14/1961,10/16/2013,k265
Farley Daynter,587-185-5679,10/25/1970,03/18/2015,i490
Gerhard Cianni,719-923-1718,07/17/1966,02/22/2007,u707
Alexio Alu,869-207-2066,04/16/1972,10/24/2009,y377
Simeon Swanston,474-305-1420,05/01/1965,11/06/2010,t351
Jefferey Ceresa,981-110-9670,08/12/1973,07/03/2004,r263
Ringo Rounce,392-445-5486,01/03/1969,11/05/2016,e458
Madge Leverette,641-233-7928,09/28/1965,03/16/2010,e197
Bridie Matheson,553-315-1696,07/13/1960,12/19/2002,w299
Christoffer Coverdill,406-756-1812,05/01/1968,06/20/2009,w566
Chadwick Perrott,890-106-4317,01/17/1969,06/24/2009,q664
Theda Babst,549-311-0426,11/28/1976,08/06/2011,a897
Kipp Shercliff,109-498-8557,06/13/1979,02/28/2017,s415
Gabe Sollom,552-139-6414,09/19/1961,06/29/2000,d911
Revkah Devall,736-604-6611,04/21/1971,10/27/2012,f430
Klemens Knobell,984-450-8040,12/31/1967,01/13/2003,g784
Nola Perulli,192-361-2123,01/03/1967,05/07/2016,h336
Ario Kemmons,893-768-6393,04/23/1961,07/19/2012,j549
Brodie Tallach,171-196-5803,05/12/1973,01/06/2019,k922
Kandace Hurdis,151-610-2963,08/09/1974,07/11/2005,l970
Yvonne Dominico,684-691-2780,05/04/1978,07/22/2014,m036
Dicky Ivanishchev,313-803-2111,12/11/1969,09/02/2004,n558
Maurice Huller,404-235-7095,10/08/1969,07/08/2008,b885
Meir Reavey,385-192-2328,09/10/1963,09/21/2016,b439
Vinny Bevington,388-975-9629,09/27/1967,01/15/2012,g973
Blondy Florio,427-305-7725,05/23/1976,01/04/2007,c677
Ricky Corthes,931-651-3319,01/30/1974,12/14/2009,c576
Kiele Capener,170-660-5562,02/13/1977,07/23/2012,d042
Cristionna Yelding,952-460-0787,12/28/1960,09/26/2015,r090
Abigael Monahan,201-998-1822,11/05/1968,07/10/2011,h708
Saloma Orton,210-448-0502,11/12/1966,07/08/2010,x839
Toni Skipton,769-364-6375,08/28/1960,01/02/2017,g364
Jami Gibbs,877-556-5094,03/08/1973,06/21/2018,r539
Philip Panniers,761-685-8963,06/28/1967,02/01/2017,w328
Junia Spanswick,341-236-5370,11/23/1966,04/19/2003,q926
Lind Dowsey,579-111-2579,11/13/1979,01/01/2018,a312
Tam McLellan,212-306-8834,08/04/1972,11/29/2014,j389
Darelle Hale,806-282-0665,04/06/1977,01/27/2014,i651
Jacqui Santostefano.,917-842-7959,07/22/1979,11/18/2006,p336
Alfreda Detheridge,338-828-9328,05/04/1969,08/12/2001,i643
Pip Loveridge,164-225-4466,10/31/1977,05/24/2019,j919
Tobe Trahear,556-171-5589,05/24/1977,10/14/2009,j437
Elli Cohen,651-857-0548,03/22/1961,07/30/2011,j575
Britney Dooher,526-240-7427,05/19/1963,07/27/2009,u347
Goran Dacks,329-786-0656,02/20/1973,10/23/2007,h141
Fawnia Jefford,418-982-4275,03/30/1980,12/26/2006,h887